record_id,patient_id,split
100,100,test
101,101,train
102,102,train
103,103,train
104,104,validation
105,105,validation
106,106,train
107,107,train
108,108,train
109,109,train
111,111,train
112,112,train
113,113,train
114,114,train
115,115,validation
116,116,train
117,117,test
118,118,train
119,119,train
121,121,train
122,122,test
123,123,train
124,124,train
200,200,train
201,201-202,train
202,201-202,train
203,203,train
205,205,test
207,207,validation
208,208,test
209,209,test
210,210,train
212,212,train
213,213,train
214,214,validation
215,215,train
217,217,test
219,219,test
220,220,train
221,221,train
222,222,validation
223,223,validation
228,228,train
230,230,train
231,231,train
232,232,train
233,233,train
234,234,train
